,motif_order
0,CCCA
1,CCTG
2,CCAG
3,CCAA
4,CCCT
5,CCTT
6,CCAT
7,CAAA
8,CCTC
9,CCAC
10,CTTT
11,AAAA
12,CCTA
13,TAAA
14,CATT
15,CCCC
16,CACA
17,TGAA
18,TATT
19,CAAG
20,TGTT
21,TGAG
22,GGAA
23,TGTG
24,GGAG
25,CATG
26,CAAT
27,TATA
28,TAAT
29,GCCA
30,CAGA
31,GCCT
32,GAAA
33,TGAT
34,TGTA
35,CAGG
36,AAAT
37,CATA
38,CACT
39,TCTT
40,CTGA
41,TGCA
42,TACA
43,AAAG
44,AGAA
45,GGTG
46,GGCA
47,TTTT
48,GGCT
49,GAAT
50,CTTA
51,CTAA
52,ACAA
53,GCTG
54,ACAT
55,ACCA
56,CTCA
57,CATC
58,TGCT
59,TCTC
60,ACAG
61,ACTT
62,TATG
63,AGAG
64,ACCT
65,CTTC
66,CTTG
67,TGTC
68,CTCT
69,TGGA
70,TCCA
71,GTTT
72,TCAT
73,GCTT
74,TCCT
75,CACC
76,CTGT
77,GAAG
78,GCAG
79,TGGG
80,TCTG
81,GGTT
82,ACTG
83,GGGA
84,CAAC
85,TAAG
86,CTAT
87,GGAT
88,AACA
89,ATTT
90,TCTA
91,TACT
92,CTGG
93,CAGC
94,GCAA
95,CAGT
96,TCAA
97,GCAT
98,TATC
99,TGCC
100,AAAC
101,AGTG
102,TGAC
103,GGTA
104,GACA
105,AGCA
106,GCTA
107,AATG
108,TAGA
109,TTTA
110,AGAT
111,GCCC
112,ACAC
113,TAAC
114,GGCC
115,AAGA
116,CTGC
117,CTAG
118,AGTT
119,TCCC
120,TCAC
121,TCAG
122,ACCC
123,AATA
124,ACTC
125,CTCC
126,ACTA
127,GATT
128,ATAA
129,AATT
130,GCTC
131,GGTC
132,AGGA
133,AGCT
134,ATAT
135,CCCG
136,GATG
137,GGGG
138,TGGC
139,TGGT
140,GGAC
141,GAGA
142,AGTA
143,TACC
144,CTAC
145,GCAC
146,AACT
147,GAAC
148,AGAC
149,TTAA
150,TTTC
151,GACT
152,TTAT
153,AGCC
154,TAGG
155,GATA
156,GAGG
157,ATTC
158,AAGG
159,GTTA
160,AGTC
161,GGGC
162,AGGG
163,GTAT
164,ATTA
165,GTCT
166,TAGT
167,CGTG
168,GGGT
169,TTTG
170,GTAA
171,AACC
172,AGGC
173,GACC
174,AATC
175,TTGA
176,GTTC
177,GATC
178,ATCT
179,CGAG
180,TAGC
181,GTTG
182,ATGA
183,GTGA
184,ATCA
185,TTCA
186,CGTT
187,AAGT
188,TTCT
189,ATAG
190,AAGC
191,AGGT
192,GTCA
193,TTGT
194,TTCC
195,GAGT
196,GTGT
197,CGAA
198,ATGT
199,GTAG
200,ATTG
201,GAGC
202,ATAC
203,ATGG
204,CGCC
205,CGAT
206,GTGG
207,CACG
208,TTAC
209,ATCC
210,CGGG
211,GTAC
212,CGTA
213,TTAG
214,GGCG
215,CGTC
216,CGCT
217,GTCC
218,CGCA
219,ATGC
220,GTGC
221,TTGG
222,GCCG
223,CGGC
224,TTGC
225,CGGA
226,ACCG
227,CCGA
228,CTCG
229,CGGT
230,CCGT
231,CGAC
232,CCGG
233,CCGC
234,TGCG
235,AGCG
236,AACG
237,GACG
238,TACG
239,TCCG
240,ACGA
241,TCGA
242,ACGT
243,CGCG
244,ATCG
245,TTCG
246,GCGA
247,GCGT
248,GCGG
249,ACGG
250,GCGC
251,TCGT
252,ACGC
253,GTCG
254,TCGG
255,TCGC
